args,method,generate_ood,backbone,dataset,ood_type,mode,epochs,model,epoch_info,time,AUROC,AUPR,FPR,SCORE
"{'K': 2,
 'T': 1.0,
 'alpha': 0.5,
 'backbone': 'gcn',
 'cached': False,
 'cpu': False,
 'data_dir': '../data/',
 'dataset': 'coauthor-cs',
 'device': 3,
 'display_step': 1,
 'dropout': 0.0,
 'epochs': 30,
 'gat_heads': 8,
 'generate_logit': False,
 'generate_ood': True,
 'hidden_channels': 64,
 'hops': 2,
 'lamda': 1.0,
 'lr': 0.01,
 'm_in': -5,
 'm_out': -1,
 'method': 'msp',
 'mode': 'detect',
 'noise': 0.0,
 'num_layers': 2,
 'ood_type': 'structure',
 'out_heads': 1,
 'print_args': False,
 'print_prop': False,
 'prop_layers': 2,
 'runs': 1,
 'seed': 123,
 'train_prop': 0.1,
 'use_bn': True,
 'use_prop': False,
 'use_reg': False,
 'valid_prop': 0.1,
 'weight_decay': 0.01}",msp,True,gcn,coauthor-cs,structure,detect,30,"MSP(
  (encoder): GCN(
    (convs): ModuleList(
      (0): GCNConv(6805, 64)
      (1): GCNConv(64, 15)
    )
    (bns): ModuleList(
      (0): BatchNorm1d(64, eps=1e-05, momentum=0.1, affine=True, track_running_stats=True)
    )
  )
  (classifier): Sequential(
    (0): Linear(in_features=15, out_features=16, bias=True)
    (1): ReLU(inplace=True)
    (2): Linear(in_features=16, out_features=8, bias=True)
    (3): ReLU(inplace=True)
    (4): Linear(in_features=8, out_features=1, bias=True)
    (5): Sigmoid()
  )
)","Epoch: 00, Loss: 3.3598, AUROC: 51.22%, AUPR: 59.68%, FPR95: 99.89%, Test Score: 62.92%
Epoch: 01, Loss: 1.4555, AUROC: 35.86%, AUPR: 48.57%, FPR95: 99.95%, Test Score: 39.32%
Epoch: 02, Loss: 1.1677, AUROC: 34.42%, AUPR: 47.57%, FPR95: 99.97%, Test Score: 39.84%
Epoch: 03, Loss: 1.0460, AUROC: 34.31%, AUPR: 47.48%, FPR95: 99.97%, Test Score: 41.09%
Epoch: 04, Loss: 0.9662, AUROC: 34.15%, AUPR: 47.34%, FPR95: 99.97%, Test Score: 37.83%
Epoch: 05, Loss: 0.9070, AUROC: 34.29%, AUPR: 47.37%, FPR95: 99.97%, Test Score: 35.28%
Epoch: 06, Loss: 0.8637, AUROC: 34.44%, AUPR: 47.45%, FPR95: 99.97%, Test Score: 32.16%
Epoch: 07, Loss: 0.8304, AUROC: 34.49%, AUPR: 47.35%, FPR95: 99.97%, Test Score: 29.47%
Epoch: 08, Loss: 0.8040, AUROC: 34.49%, AUPR: 47.32%, FPR95: 99.98%, Test Score: 28.42%
Epoch: 09, Loss: 0.7809, AUROC: 34.38%, AUPR: 47.20%, FPR95: 99.98%, Test Score: 27.27%
Epoch: 10, Loss: 0.7602, AUROC: 34.32%, AUPR: 47.19%, FPR95: 99.98%, Test Score: 27.14%
Epoch: 11, Loss: 0.7417, AUROC: 34.24%, AUPR: 47.13%, FPR95: 99.97%, Test Score: 26.69%
Epoch: 12, Loss: 0.7262, AUROC: 34.29%, AUPR: 47.36%, FPR95: 99.96%, Test Score: 28.48%
Epoch: 13, Loss: 0.7125, AUROC: 34.33%, AUPR: 47.52%, FPR95: 99.95%, Test Score: 29.67%
Epoch: 14, Loss: 0.7001, AUROC: 34.47%, AUPR: 47.81%, FPR95: 99.94%, Test Score: 31.70%
Epoch: 15, Loss: 0.6898, AUROC: 35.15%, AUPR: 48.52%, FPR95: 99.93%, Test Score: 36.03%
Epoch: 16, Loss: 0.6822, AUROC: 34.78%, AUPR: 48.35%, FPR95: 99.93%, Test Score: 35.39%
Epoch: 17, Loss: 0.6734, AUROC: 34.94%, AUPR: 48.51%, FPR95: 99.93%, Test Score: 36.49%
Epoch: 18, Loss: 0.6648, AUROC: 34.91%, AUPR: 48.60%, FPR95: 99.91%, Test Score: 37.88%
Epoch: 19, Loss: 0.6568, AUROC: 34.48%, AUPR: 48.42%, FPR95: 99.93%, Test Score: 38.03%
Epoch: 20, Loss: 0.6521, AUROC: 34.40%, AUPR: 48.50%, FPR95: 99.91%, Test Score: 39.27%
Epoch: 21, Loss: 0.6464, AUROC: 34.95%, AUPR: 48.85%, FPR95: 99.91%, Test Score: 41.64%
Epoch: 22, Loss: 0.6417, AUROC: 35.68%, AUPR: 49.36%, FPR95: 99.91%, Test Score: 46.13%
Epoch: 23, Loss: 0.6363, AUROC: 35.85%, AUPR: 49.49%, FPR95: 99.91%, Test Score: 48.00%
Epoch: 24, Loss: 0.6320, AUROC: 38.25%, AUPR: 50.89%, FPR95: 99.89%, Test Score: 54.00%
Epoch: 25, Loss: 0.6265, AUROC: 40.33%, AUPR: 52.13%, FPR95: 99.86%, Test Score: 58.45%
Epoch: 26, Loss: 0.6217, AUROC: 40.90%, AUPR: 52.43%, FPR95: 99.86%, Test Score: 59.89%
Epoch: 27, Loss: 0.6192, AUROC: 41.72%, AUPR: 52.90%, FPR95: 99.85%, Test Score: 62.93%
Epoch: 28, Loss: 0.6144, AUROC: 46.58%, AUPR: 55.96%, FPR95: 99.75%, Test Score: 70.85%
Epoch: 29, Loss: 0.6109, AUROC: 48.65%, AUPR: 57.26%, FPR95: 99.60%, Test Score: 73.59%
",2024-03-18 22:23:24,48.6537,57.259,99.6018,73.587
"{'K': 2,
 'T': 1.0,
 'alpha': 0.5,
 'backbone': 'gcn',
 'cached': False,
 'cpu': False,
 'data_dir': '../data/',
 'dataset': 'coauthor-cs',
 'device': 3,
 'display_step': 1,
 'dropout': 0.0,
 'epochs': 30,
 'gat_heads': 8,
 'generate_logit': False,
 'generate_ood': True,
 'hidden_channels': 64,
 'hops': 2,
 'lamda': 1.0,
 'lr': 0.01,
 'm_in': -5,
 'm_out': -1,
 'method': 'gnnsafe',
 'mode': 'detect',
 'noise': 0.0,
 'num_layers': 2,
 'ood_type': 'structure',
 'out_heads': 1,
 'print_args': False,
 'print_prop': False,
 'prop_layers': 2,
 'runs': 1,
 'seed': 123,
 'train_prop': 0.1,
 'use_bn': True,
 'use_prop': False,
 'use_reg': False,
 'valid_prop': 0.1,
 'weight_decay': 0.01}",gnnsafe,True,gcn,coauthor-cs,structure,detect,30,"GNNSafe(
  (encoder): GCN(
    (convs): ModuleList(
      (0): GCNConv(6805, 64)
      (1): GCNConv(64, 15)
    )
    (bns): ModuleList(
      (0): BatchNorm1d(64, eps=1e-05, momentum=0.1, affine=True, track_running_stats=True)
    )
  )
  (classifier): Sequential(
    (0): Linear(in_features=15, out_features=16, bias=True)
    (1): ReLU(inplace=True)
    (2): Linear(in_features=16, out_features=8, bias=True)
    (3): ReLU(inplace=True)
    (4): Linear(in_features=8, out_features=1, bias=True)
    (5): Sigmoid()
  )
)","Epoch: 00, Loss: 3.2623, AUROC: 63.33%, AUPR: 66.65%, FPR95: 99.68%, Test Score: 47.55%
Epoch: 01, Loss: 1.3418, AUROC: 61.09%, AUPR: 65.33%, FPR95: 99.87%, Test Score: 56.52%
Epoch: 02, Loss: 1.0446, AUROC: 55.61%, AUPR: 60.01%, FPR95: 99.90%, Test Score: 52.76%
Epoch: 03, Loss: 0.9109, AUROC: 58.11%, AUPR: 61.94%, FPR95: 99.90%, Test Score: 52.55%
Epoch: 04, Loss: 0.8174, AUROC: 61.06%, AUPR: 64.51%, FPR95: 99.79%, Test Score: 54.87%
Epoch: 05, Loss: 0.7450, AUROC: 63.21%, AUPR: 66.27%, FPR95: 99.54%, Test Score: 59.73%
Epoch: 06, Loss: 0.6902, AUROC: 65.16%, AUPR: 67.78%, FPR95: 99.12%, Test Score: 63.86%
Epoch: 07, Loss: 0.6507, AUROC: 66.38%, AUPR: 68.64%, FPR95: 98.82%, Test Score: 65.26%
Epoch: 08, Loss: 0.6225, AUROC: 68.23%, AUPR: 70.22%, FPR95: 98.48%, Test Score: 67.03%
Epoch: 09, Loss: 0.6013, AUROC: 70.58%, AUPR: 72.90%, FPR95: 98.52%, Test Score: 67.75%
Epoch: 10, Loss: 0.5845, AUROC: 71.88%, AUPR: 75.24%, FPR95: 98.78%, Test Score: 66.65%
Epoch: 11, Loss: 0.5710, AUROC: 71.50%, AUPR: 75.88%, FPR95: 99.11%, Test Score: 62.93%
Epoch: 12, Loss: 0.5601, AUROC: 71.18%, AUPR: 75.81%, FPR95: 99.22%, Test Score: 64.21%
Epoch: 13, Loss: 0.5511, AUROC: 70.90%, AUPR: 75.48%, FPR95: 99.40%, Test Score: 64.68%
Epoch: 14, Loss: 0.5433, AUROC: 71.92%, AUPR: 76.08%, FPR95: 99.31%, Test Score: 67.66%
Epoch: 15, Loss: 0.5362, AUROC: 74.57%, AUPR: 78.24%, FPR95: 98.50%, Test Score: 75.93%
Epoch: 16, Loss: 0.5299, AUROC: 75.35%, AUPR: 78.66%, FPR95: 98.07%, Test Score: 77.47%
Epoch: 17, Loss: 0.5245, AUROC: 76.71%, AUPR: 79.90%, FPR95: 97.30%, Test Score: 79.74%
Epoch: 18, Loss: 0.5196, AUROC: 78.41%, AUPR: 81.20%, FPR95: 95.56%, Test Score: 83.02%
Epoch: 19, Loss: 0.5149, AUROC: 79.92%, AUPR: 82.21%, FPR95: 93.91%, Test Score: 85.02%
Epoch: 20, Loss: 0.5108, AUROC: 81.81%, AUPR: 83.54%, FPR95: 90.03%, Test Score: 87.47%
Epoch: 21, Loss: 0.5070, AUROC: 82.33%, AUPR: 83.61%, FPR95: 88.05%, Test Score: 88.31%
Epoch: 22, Loss: 0.5032, AUROC: 83.15%, AUPR: 83.89%, FPR95: 85.44%, Test Score: 88.80%
Epoch: 23, Loss: 0.4999, AUROC: 82.15%, AUPR: 82.44%, FPR95: 85.98%, Test Score: 88.57%
Epoch: 24, Loss: 0.4969, AUROC: 81.80%, AUPR: 81.83%, FPR95: 85.36%, Test Score: 88.29%
Epoch: 25, Loss: 0.4939, AUROC: 81.86%, AUPR: 81.79%, FPR95: 85.31%, Test Score: 88.65%
Epoch: 26, Loss: 0.4915, AUROC: 81.47%, AUPR: 80.98%, FPR95: 83.72%, Test Score: 88.76%
Epoch: 27, Loss: 0.4892, AUROC: 83.09%, AUPR: 82.25%, FPR95: 79.55%, Test Score: 89.25%
Epoch: 28, Loss: 0.4873, AUROC: 86.19%, AUPR: 85.50%, FPR95: 72.55%, Test Score: 89.77%
Epoch: 29, Loss: 0.4857, AUROC: 86.97%, AUPR: 86.29%, FPR95: 69.73%, Test Score: 89.80%
",2024-03-18 22:25:39,86.9693,86.2936,69.7267,89.8002
"{'K': 2,
 'T': 1.0,
 'alpha': 0.5,
 'backbone': 'gcn',
 'cached': False,
 'cpu': False,
 'data_dir': '../data/',
 'dataset': 'coauthor-cs',
 'device': 3,
 'display_step': 1,
 'dropout': 0.0,
 'epochs': 30,
 'gat_heads': 8,
 'generate_logit': False,
 'generate_ood': True,
 'hidden_channels': 64,
 'hops': 2,
 'lamda': 1.0,
 'lr': 0.01,
 'm_in': -5,
 'm_out': -1,
 'method': 'OE',
 'mode': 'detect',
 'noise': 0.0,
 'num_layers': 2,
 'ood_type': 'structure',
 'out_heads': 1,
 'print_args': False,
 'print_prop': False,
 'prop_layers': 2,
 'runs': 1,
 'seed': 123,
 'train_prop': 0.1,
 'use_bn': True,
 'use_prop': False,
 'use_reg': False,
 'valid_prop': 0.1,
 'weight_decay': 0.01}",OE,True,gcn,coauthor-cs,structure,detect,30,"OE(
  (encoder): GCN(
    (convs): ModuleList(
      (0): GCNConv(6805, 64)
      (1): GCNConv(64, 15)
    )
    (bns): ModuleList(
      (0): BatchNorm1d(64, eps=1e-05, momentum=0.1, affine=True, track_running_stats=True)
    )
  )
  (classifier): Sequential(
    (0): Linear(in_features=15, out_features=16, bias=True)
    (1): ReLU(inplace=True)
    (2): Linear(in_features=16, out_features=8, bias=True)
    (3): ReLU(inplace=True)
    (4): Linear(in_features=8, out_features=1, bias=True)
    (5): Sigmoid()
  )
)","Epoch: 00, Loss: 4.7248, AUROC: 49.31%, AUPR: 58.42%, FPR95: 99.95%, Test Score: 56.45%
Epoch: 01, Loss: 2.8839, AUROC: 36.24%, AUPR: 49.51%, FPR95: 99.95%, Test Score: 39.09%
Epoch: 02, Loss: 2.6614, AUROC: 34.65%, AUPR: 48.32%, FPR95: 99.96%, Test Score: 38.75%
Epoch: 03, Loss: 2.5885, AUROC: 33.62%, AUPR: 47.83%, FPR95: 99.95%, Test Score: 38.00%
Epoch: 04, Loss: 2.5445, AUROC: 33.24%, AUPR: 47.86%, FPR95: 99.96%, Test Score: 37.80%
Epoch: 05, Loss: 2.5112, AUROC: 33.54%, AUPR: 48.35%, FPR95: 99.96%, Test Score: 41.28%
Epoch: 06, Loss: 2.4848, AUROC: 34.52%, AUPR: 49.19%, FPR95: 99.92%, Test Score: 46.42%
Epoch: 07, Loss: 2.4611, AUROC: 35.57%, AUPR: 49.86%, FPR95: 99.87%, Test Score: 50.08%
Epoch: 08, Loss: 2.4387, AUROC: 38.37%, AUPR: 51.35%, FPR95: 99.80%, Test Score: 58.69%
Epoch: 09, Loss: 2.4169, AUROC: 41.88%, AUPR: 53.28%, FPR95: 99.71%, Test Score: 67.89%
Epoch: 10, Loss: 2.3971, AUROC: 47.17%, AUPR: 56.40%, FPR95: 99.51%, Test Score: 75.73%
Epoch: 11, Loss: 2.3813, AUROC: 52.53%, AUPR: 60.04%, FPR95: 99.15%, Test Score: 80.58%
Epoch: 12, Loss: 2.3696, AUROC: 64.01%, AUPR: 68.40%, FPR95: 97.27%, Test Score: 85.16%
Epoch: 13, Loss: 2.3581, AUROC: 73.55%, AUPR: 75.63%, FPR95: 91.76%, Test Score: 87.94%
Epoch: 14, Loss: 2.3451, AUROC: 81.95%, AUPR: 82.63%, FPR95: 79.34%, Test Score: 89.14%
Epoch: 15, Loss: 2.3328, AUROC: 89.93%, AUPR: 89.52%, FPR95: 54.56%, Test Score: 90.71%
Epoch: 16, Loss: 2.3208, AUROC: 90.21%, AUPR: 89.64%, FPR95: 52.92%, Test Score: 90.75%
Epoch: 17, Loss: 2.3080, AUROC: 89.30%, AUPR: 88.90%, FPR95: 58.67%, Test Score: 90.76%
Epoch: 18, Loss: 2.2937, AUROC: 89.45%, AUPR: 88.84%, FPR95: 55.93%, Test Score: 91.18%
Epoch: 19, Loss: 2.2786, AUROC: 87.82%, AUPR: 86.97%, FPR95: 58.95%, Test Score: 91.20%
Epoch: 20, Loss: 2.2664, AUROC: 88.92%, AUPR: 87.69%, FPR95: 53.03%, Test Score: 91.65%
Epoch: 21, Loss: 2.2524, AUROC: 90.44%, AUPR: 89.18%, FPR95: 46.38%, Test Score: 91.62%
Epoch: 22, Loss: 2.2389, AUROC: 93.17%, AUPR: 91.82%, FPR95: 34.55%, Test Score: 91.48%
Epoch: 23, Loss: 2.2244, AUROC: 93.59%, AUPR: 92.27%, FPR95: 33.10%, Test Score: 91.05%
Epoch: 24, Loss: 2.2106, AUROC: 95.45%, AUPR: 94.19%, FPR95: 23.51%, Test Score: 91.10%
Epoch: 25, Loss: 2.1989, AUROC: 96.27%, AUPR: 95.01%, FPR95: 18.54%, Test Score: 91.41%
Epoch: 26, Loss: 2.1859, AUROC: 96.25%, AUPR: 94.99%, FPR95: 18.90%, Test Score: 91.57%
Epoch: 27, Loss: 2.1750, AUROC: 96.22%, AUPR: 94.97%, FPR95: 18.68%, Test Score: 91.82%
Epoch: 28, Loss: 2.1638, AUROC: 96.39%, AUPR: 95.15%, FPR95: 17.72%, Test Score: 91.91%
Epoch: 29, Loss: 2.1528, AUROC: 96.90%, AUPR: 95.63%, FPR95: 14.09%, Test Score: 92.03%
",2024-03-18 22:27:54,96.3882,95.1482,17.7167,91.907
"{'K': 2,
 'T': 1.0,
 'alpha': 0.5,
 'backbone': 'gcn',
 'cached': False,
 'cpu': False,
 'data_dir': '../data/',
 'dataset': 'coauthor-cs',
 'device': 3,
 'display_step': 1,
 'dropout': 0.0,
 'epochs': 30,
 'gat_heads': 8,
 'generate_logit': False,
 'generate_ood': True,
 'hidden_channels': 64,
 'hops': 2,
 'lamda': 1.0,
 'lr': 0.01,
 'm_in': -5,
 'm_out': -1,
 'method': 'ODIN',
 'mode': 'detect',
 'noise': 0.0,
 'num_layers': 2,
 'ood_type': 'structure',
 'out_heads': 1,
 'print_args': False,
 'print_prop': False,
 'prop_layers': 2,
 'runs': 1,
 'seed': 123,
 'train_prop': 0.1,
 'use_bn': True,
 'use_prop': False,
 'use_reg': False,
 'valid_prop': 0.1,
 'weight_decay': 0.01}",ODIN,True,gcn,coauthor-cs,structure,detect,30,"ODIN(
  (encoder): GCN(
    (convs): ModuleList(
      (0): GCNConv(6805, 64)
      (1): GCNConv(64, 15)
    )
    (bns): ModuleList(
      (0): BatchNorm1d(64, eps=1e-05, momentum=0.1, affine=True, track_running_stats=True)
    )
  )
  (classifier): Sequential(
    (0): Linear(in_features=15, out_features=16, bias=True)
    (1): ReLU(inplace=True)
    (2): Linear(in_features=16, out_features=8, bias=True)
    (3): ReLU(inplace=True)
    (4): Linear(in_features=8, out_features=1, bias=True)
    (5): Sigmoid()
  )
)","Epoch: 00, Loss: 3.3598, AUROC: 29.62%, AUPR: 41.06%, FPR95: 99.93%, Test Score: 65.92%
Epoch: 01, Loss: 1.4555, AUROC: 63.59%, AUPR: 69.94%, FPR95: 99.92%, Test Score: 42.56%
Epoch: 02, Loss: 1.1677, AUROC: 65.73%, AUPR: 72.27%, FPR95: 99.92%, Test Score: 38.92%
Epoch: 03, Loss: 1.0460, AUROC: 65.73%, AUPR: 72.26%, FPR95: 99.92%, Test Score: 38.09%
Epoch: 04, Loss: 0.9662, AUROC: 65.93%, AUPR: 72.35%, FPR95: 99.92%, Test Score: 35.25%
Epoch: 05, Loss: 0.9070, AUROC: 65.92%, AUPR: 72.22%, FPR95: 99.92%, Test Score: 33.79%
Epoch: 06, Loss: 0.8637, AUROC: 65.59%, AUPR: 71.76%, FPR95: 99.92%, Test Score: 32.51%
Epoch: 07, Loss: 0.8304, AUROC: 65.40%, AUPR: 71.48%, FPR95: 99.92%, Test Score: 30.56%
Epoch: 08, Loss: 0.8040, AUROC: 65.34%, AUPR: 71.38%, FPR95: 99.92%, Test Score: 29.64%
Epoch: 09, Loss: 0.7809, AUROC: 65.50%, AUPR: 71.57%, FPR95: 99.92%, Test Score: 28.21%
Epoch: 10, Loss: 0.7602, AUROC: 65.61%, AUPR: 71.72%, FPR95: 99.92%, Test Score: 27.28%
Epoch: 11, Loss: 0.7417, AUROC: 65.74%, AUPR: 71.85%, FPR95: 99.92%, Test Score: 26.24%
Epoch: 12, Loss: 0.7262, AUROC: 65.77%, AUPR: 71.85%, FPR95: 99.92%, Test Score: 27.76%
Epoch: 13, Loss: 0.7125, AUROC: 65.78%, AUPR: 71.81%, FPR95: 99.93%, Test Score: 28.96%
Epoch: 14, Loss: 0.7001, AUROC: 65.68%, AUPR: 71.64%, FPR95: 99.94%, Test Score: 31.16%
Epoch: 15, Loss: 0.6898, AUROC: 64.96%, AUPR: 70.75%, FPR95: 99.94%, Test Score: 35.99%
Epoch: 16, Loss: 0.6822, AUROC: 65.25%, AUPR: 71.03%, FPR95: 99.94%, Test Score: 35.30%
Epoch: 17, Loss: 0.6734, AUROC: 65.01%, AUPR: 70.71%, FPR95: 99.94%, Test Score: 36.42%
Epoch: 18, Loss: 0.6648, AUROC: 65.06%, AUPR: 70.71%, FPR95: 99.95%, Test Score: 37.89%
Epoch: 19, Loss: 0.6568, AUROC: 65.49%, AUPR: 71.16%, FPR95: 99.95%, Test Score: 38.10%
Epoch: 20, Loss: 0.6520, AUROC: 65.54%, AUPR: 71.19%, FPR95: 99.95%, Test Score: 39.59%
Epoch: 21, Loss: 0.6464, AUROC: 64.94%, AUPR: 70.49%, FPR95: 99.95%, Test Score: 41.90%
Epoch: 22, Loss: 0.6417, AUROC: 64.10%, AUPR: 69.57%, FPR95: 99.95%, Test Score: 46.15%
Epoch: 23, Loss: 0.6363, AUROC: 63.93%, AUPR: 69.33%, FPR95: 99.95%, Test Score: 48.14%
Epoch: 24, Loss: 0.6321, AUROC: 61.53%, AUPR: 66.80%, FPR95: 99.95%, Test Score: 54.38%
Epoch: 25, Loss: 0.6266, AUROC: 59.66%, AUPR: 64.86%, FPR95: 99.94%, Test Score: 59.53%
Epoch: 26, Loss: 0.6218, AUROC: 59.62%, AUPR: 64.67%, FPR95: 99.94%, Test Score: 60.63%
Epoch: 27, Loss: 0.6195, AUROC: 59.11%, AUPR: 64.11%, FPR95: 99.94%, Test Score: 62.86%
Epoch: 28, Loss: 0.6145, AUROC: 54.88%, AUPR: 60.09%, FPR95: 99.94%, Test Score: 69.79%
Epoch: 29, Loss: 0.6106, AUROC: 53.14%, AUPR: 58.55%, FPR95: 99.94%, Test Score: 71.09%
",2024-03-18 22:30:08,53.1424,58.5506,99.94,71.0916
"{'K': 2,
 'T': 1.0,
 'alpha': 0.5,
 'backbone': 'gcn',
 'cached': False,
 'cpu': False,
 'data_dir': '../data/',
 'dataset': 'coauthor-cs',
 'device': 3,
 'display_step': 1,
 'dropout': 0.0,
 'epochs': 30,
 'gat_heads': 8,
 'generate_logit': False,
 'generate_ood': True,
 'hidden_channels': 64,
 'hops': 2,
 'lamda': 1.0,
 'lr': 0.01,
 'm_in': -5,
 'm_out': -1,
 'method': 'Mahalanobis',
 'mode': 'detect',
 'noise': 0.0,
 'num_layers': 2,
 'ood_type': 'structure',
 'out_heads': 1,
 'print_args': False,
 'print_prop': False,
 'prop_layers': 2,
 'runs': 1,
 'seed': 123,
 'train_prop': 0.1,
 'use_bn': True,
 'use_prop': False,
 'use_reg': False,
 'valid_prop': 0.1,
 'weight_decay': 0.01}",Mahalanobis,True,gcn,coauthor-cs,structure,detect,30,"Mahalanobis(
  (encoder): GCN(
    (convs): ModuleList(
      (0): GCNConv(6805, 64)
      (1): GCNConv(64, 15)
    )
    (bns): ModuleList(
      (0): BatchNorm1d(64, eps=1e-05, momentum=0.1, affine=True, track_running_stats=True)
    )
  )
  (classifier): Sequential(
    (0): Linear(in_features=15, out_features=16, bias=True)
    (1): ReLU(inplace=True)
    (2): Linear(in_features=16, out_features=8, bias=True)
    (3): ReLU(inplace=True)
    (4): Linear(in_features=8, out_features=1, bias=True)
    (5): Sigmoid()
  )
)","Epoch: 00, Loss: 3.3598, AUROC: 53.30%, AUPR: 56.54%, FPR95: 99.14%, Test Score: 65.54%
Epoch: 01, Loss: 1.4555, AUROC: 61.12%, AUPR: 64.80%, FPR95: 98.13%, Test Score: 43.65%
Epoch: 02, Loss: 1.1677, AUROC: 57.92%, AUPR: 61.33%, FPR95: 98.19%, Test Score: 36.89%
Epoch: 03, Loss: 1.0460, AUROC: 52.61%, AUPR: 56.88%, FPR95: 99.23%, Test Score: 35.03%
Epoch: 04, Loss: 0.9662, AUROC: 48.74%, AUPR: 53.64%, FPR95: 99.73%, Test Score: 32.50%
Epoch: 05, Loss: 0.9070, AUROC: 44.95%, AUPR: 50.73%, FPR95: 99.77%, Test Score: 32.22%
Epoch: 06, Loss: 0.8637, AUROC: 49.71%, AUPR: 53.86%, FPR95: 99.38%, Test Score: 32.39%
Epoch: 07, Loss: 0.8304, AUROC: 50.16%, AUPR: 54.09%, FPR95: 99.34%, Test Score: 31.09%
Epoch: 08, Loss: 0.8040, AUROC: 49.04%, AUPR: 53.11%, FPR95: 99.60%, Test Score: 30.31%
Epoch: 09, Loss: 0.7809, AUROC: 48.34%, AUPR: 52.48%, FPR95: 99.59%, Test Score: 28.88%
Epoch: 10, Loss: 0.7602, AUROC: 49.23%, AUPR: 52.97%, FPR95: 99.41%, Test Score: 28.08%
Epoch: 11, Loss: 0.7417, AUROC: 50.59%, AUPR: 53.71%, FPR95: 99.18%, Test Score: 26.79%
Epoch: 12, Loss: 0.7262, AUROC: 51.91%, AUPR: 54.55%, FPR95: 99.02%, Test Score: 28.00%
Epoch: 13, Loss: 0.7125, AUROC: 52.00%, AUPR: 54.60%, FPR95: 99.06%, Test Score: 28.81%
Epoch: 14, Loss: 0.7001, AUROC: 51.17%, AUPR: 53.96%, FPR95: 99.26%, Test Score: 30.37%
Epoch: 15, Loss: 0.6898, AUROC: 49.54%, AUPR: 52.84%, FPR95: 99.47%, Test Score: 34.21%
Epoch: 16, Loss: 0.6822, AUROC: 48.98%, AUPR: 52.41%, FPR95: 99.56%, Test Score: 34.08%
Epoch: 17, Loss: 0.6734, AUROC: 49.10%, AUPR: 52.26%, FPR95: 99.49%, Test Score: 36.25%
Epoch: 18, Loss: 0.6648, AUROC: 50.49%, AUPR: 53.12%, FPR95: 99.33%, Test Score: 38.89%
Epoch: 19, Loss: 0.6568, AUROC: 52.00%, AUPR: 54.15%, FPR95: 99.14%, Test Score: 40.11%
Epoch: 20, Loss: 0.6520, AUROC: 52.54%, AUPR: 54.50%, FPR95: 99.13%, Test Score: 42.01%
Epoch: 21, Loss: 0.6463, AUROC: 52.14%, AUPR: 54.29%, FPR95: 99.28%, Test Score: 43.62%
Epoch: 22, Loss: 0.6417, AUROC: 51.50%, AUPR: 53.80%, FPR95: 99.31%, Test Score: 46.89%
Epoch: 23, Loss: 0.6364, AUROC: 51.64%, AUPR: 53.95%, FPR95: 99.43%, Test Score: 47.09%
Epoch: 24, Loss: 0.6320, AUROC: 52.00%, AUPR: 54.29%, FPR95: 99.39%, Test Score: 51.89%
Epoch: 25, Loss: 0.6265, AUROC: 52.27%, AUPR: 54.51%, FPR95: 99.35%, Test Score: 56.20%
Epoch: 26, Loss: 0.6219, AUROC: 52.42%, AUPR: 54.66%, FPR95: 99.36%, Test Score: 57.18%
Epoch: 27, Loss: 0.6194, AUROC: 52.82%, AUPR: 54.97%, FPR95: 99.37%, Test Score: 60.60%
Epoch: 28, Loss: 0.6144, AUROC: 53.67%, AUPR: 55.60%, FPR95: 99.25%, Test Score: 69.58%
Epoch: 29, Loss: 0.6106, AUROC: 54.78%, AUPR: 56.38%, FPR95: 99.10%, Test Score: 73.08%
",2024-03-18 22:33:00,54.7782,56.376,99.1,73.0824
"{'K': 2,
 'T': 1.0,
 'alpha': 0.5,
 'backbone': 'gcn',
 'cached': False,
 'cpu': False,
 'data_dir': '../data/',
 'dataset': 'coauthor-cs',
 'device': 3,
 'display_step': 1,
 'dropout': 0.0,
 'epochs': 30,
 'gat_heads': 8,
 'generate_logit': False,
 'generate_ood': True,
 'hidden_channels': 64,
 'hops': 2,
 'lamda': 1.0,
 'lr': 0.01,
 'm_in': -5,
 'm_out': -1,
 'method': 'maxlogits',
 'mode': 'detect',
 'noise': 0.0,
 'num_layers': 2,
 'ood_type': 'structure',
 'out_heads': 1,
 'print_args': False,
 'print_prop': False,
 'prop_layers': 2,
 'runs': 1,
 'seed': 123,
 'train_prop': 0.1,
 'use_bn': True,
 'use_prop': False,
 'use_reg': False,
 'valid_prop': 0.1,
 'weight_decay': 0.01}",maxlogits,True,gcn,coauthor-cs,structure,detect,30,"MaxLogits(
  (encoder): GCN(
    (convs): ModuleList(
      (0): GCNConv(6805, 64)
      (1): GCNConv(64, 15)
    )
    (bns): ModuleList(
      (0): BatchNorm1d(64, eps=1e-05, momentum=0.1, affine=True, track_running_stats=True)
    )
  )
  (classifier): Sequential(
    (0): Linear(in_features=15, out_features=16, bias=True)
    (1): ReLU(inplace=True)
    (2): Linear(in_features=16, out_features=8, bias=True)
    (3): ReLU(inplace=True)
    (4): Linear(in_features=8, out_features=1, bias=True)
    (5): Sigmoid()
  )
)","Epoch: 00, Loss: 3.3117, AUROC: 52.80%, AUPR: 61.81%, FPR95: 99.98%, Test Score: 57.84%
Epoch: 01, Loss: 1.4173, AUROC: 40.65%, AUPR: 50.96%, FPR95: 99.96%, Test Score: 36.87%
Epoch: 02, Loss: 1.1278, AUROC: 38.69%, AUPR: 48.83%, FPR95: 99.96%, Test Score: 33.69%
Epoch: 03, Loss: 1.0134, AUROC: 38.02%, AUPR: 48.34%, FPR95: 99.97%, Test Score: 33.06%
Epoch: 04, Loss: 0.9414, AUROC: 37.78%, AUPR: 48.26%, FPR95: 99.96%, Test Score: 33.68%
Epoch: 05, Loss: 0.8890, AUROC: 37.07%, AUPR: 47.96%, FPR95: 99.95%, Test Score: 35.70%
Epoch: 06, Loss: 0.8497, AUROC: 36.90%, AUPR: 48.09%, FPR95: 99.95%, Test Score: 39.29%
Epoch: 07, Loss: 0.8196, AUROC: 37.21%, AUPR: 48.56%, FPR95: 99.95%, Test Score: 42.61%
Epoch: 08, Loss: 0.7967, AUROC: 37.50%, AUPR: 49.00%, FPR95: 99.95%, Test Score: 43.78%
Epoch: 09, Loss: 0.7770, AUROC: 37.50%, AUPR: 49.10%, FPR95: 99.95%, Test Score: 42.69%
Epoch: 10, Loss: 0.7604, AUROC: 37.17%, AUPR: 49.01%, FPR95: 99.95%, Test Score: 40.83%
Epoch: 11, Loss: 0.7455, AUROC: 36.70%, AUPR: 48.85%, FPR95: 99.96%, Test Score: 38.84%
Epoch: 12, Loss: 0.7345, AUROC: 36.20%, AUPR: 48.57%, FPR95: 99.96%, Test Score: 37.32%
Epoch: 13, Loss: 0.7235, AUROC: 36.38%, AUPR: 48.88%, FPR95: 99.96%, Test Score: 37.98%
Epoch: 14, Loss: 0.7135, AUROC: 36.39%, AUPR: 49.09%, FPR95: 99.95%, Test Score: 39.45%
Epoch: 15, Loss: 0.7055, AUROC: 36.48%, AUPR: 49.29%, FPR95: 99.93%, Test Score: 41.09%
Epoch: 16, Loss: 0.6977, AUROC: 36.56%, AUPR: 49.45%, FPR95: 99.94%, Test Score: 42.70%
Epoch: 17, Loss: 0.6915, AUROC: 36.77%, AUPR: 49.64%, FPR95: 99.93%, Test Score: 45.16%
Epoch: 18, Loss: 0.6856, AUROC: 38.41%, AUPR: 50.74%, FPR95: 99.92%, Test Score: 49.74%
Epoch: 19, Loss: 0.6798, AUROC: 39.06%, AUPR: 51.20%, FPR95: 99.90%, Test Score: 52.19%
Epoch: 20, Loss: 0.6720, AUROC: 40.65%, AUPR: 52.34%, FPR95: 99.88%, Test Score: 53.69%
Epoch: 21, Loss: 0.6663, AUROC: 40.03%, AUPR: 51.95%, FPR95: 99.87%, Test Score: 52.81%
Epoch: 22, Loss: 0.6594, AUROC: 39.61%, AUPR: 51.74%, FPR95: 99.87%, Test Score: 51.99%
Epoch: 23, Loss: 0.6524, AUROC: 38.88%, AUPR: 51.31%, FPR95: 99.87%, Test Score: 50.32%
Epoch: 24, Loss: 0.6458, AUROC: 38.08%, AUPR: 50.82%, FPR95: 99.87%, Test Score: 48.84%
Epoch: 25, Loss: 0.6419, AUROC: 37.85%, AUPR: 50.64%, FPR95: 99.88%, Test Score: 48.02%
Epoch: 26, Loss: 0.6356, AUROC: 40.91%, AUPR: 52.51%, FPR95: 99.87%, Test Score: 57.45%
Epoch: 27, Loss: 0.6301, AUROC: 42.58%, AUPR: 53.47%, FPR95: 99.85%, Test Score: 62.18%
Epoch: 28, Loss: 0.6235, AUROC: 45.67%, AUPR: 55.39%, FPR95: 99.83%, Test Score: 67.54%
Epoch: 29, Loss: 0.6197, AUROC: 46.72%, AUPR: 56.05%, FPR95: 99.84%, Test Score: 68.99%
",2024-03-18 22:35:07,46.719,56.0543,99.8418,68.9916
"{'K': 2,
 'T': 1.0,
 'alpha': 0.5,
 'backbone': 'gcn',
 'cached': False,
 'cpu': False,
 'data_dir': '../data/',
 'dataset': 'coauthor-cs',
 'device': 3,
 'display_step': 1,
 'dropout': 0.0,
 'epochs': 30,
 'gat_heads': 8,
 'generate_logit': False,
 'generate_ood': True,
 'hidden_channels': 64,
 'hops': 2,
 'lamda': 1.0,
 'lr': 0.01,
 'm_in': -5,
 'm_out': -1,
 'method': 'energymodel',
 'mode': 'detect',
 'noise': 0.0,
 'num_layers': 2,
 'ood_type': 'structure',
 'out_heads': 1,
 'print_args': False,
 'print_prop': False,
 'prop_layers': 2,
 'runs': 1,
 'seed': 123,
 'train_prop': 0.1,
 'use_bn': True,
 'use_prop': False,
 'use_reg': False,
 'valid_prop': 0.1,
 'weight_decay': 0.01}",energymodel,True,gcn,coauthor-cs,structure,detect,30,"EnergyModel(
  (encoder): GCN(
    (convs): ModuleList(
      (0): GCNConv(6805, 64)
      (1): GCNConv(64, 15)
    )
    (bns): ModuleList(
      (0): BatchNorm1d(64, eps=1e-05, momentum=0.1, affine=True, track_running_stats=True)
    )
  )
  (classifier): Sequential(
    (0): Linear(in_features=15, out_features=16, bias=True)
    (1): ReLU(inplace=True)
    (2): Linear(in_features=16, out_features=8, bias=True)
    (3): ReLU(inplace=True)
    (4): Linear(in_features=8, out_features=1, bias=True)
    (5): Sigmoid()
  )
)","Epoch: 00, Loss: 3.3117, AUROC: 42.67%, AUPR: 51.17%, FPR95: 99.96%, Test Score: 45.79%
Epoch: 01, Loss: 1.4173, AUROC: 44.72%, AUPR: 55.27%, FPR95: 99.95%, Test Score: 39.01%
Epoch: 02, Loss: 1.1278, AUROC: 48.96%, AUPR: 60.29%, FPR95: 99.90%, Test Score: 35.61%
Epoch: 03, Loss: 1.0134, AUROC: 54.00%, AUPR: 64.78%, FPR95: 99.87%, Test Score: 36.49%
Epoch: 04, Loss: 0.9414, AUROC: 53.63%, AUPR: 64.58%, FPR95: 99.90%, Test Score: 41.81%
Epoch: 05, Loss: 0.8890, AUROC: 52.82%, AUPR: 63.84%, FPR95: 99.89%, Test Score: 51.48%
Epoch: 06, Loss: 0.8497, AUROC: 53.54%, AUPR: 63.94%, FPR95: 99.90%, Test Score: 58.74%
Epoch: 07, Loss: 0.8196, AUROC: 55.54%, AUPR: 65.12%, FPR95: 99.89%, Test Score: 63.48%
Epoch: 08, Loss: 0.7967, AUROC: 59.63%, AUPR: 67.66%, FPR95: 99.84%, Test Score: 67.08%
Epoch: 09, Loss: 0.7770, AUROC: 63.00%, AUPR: 69.73%, FPR95: 99.78%, Test Score: 68.50%
Epoch: 10, Loss: 0.7604, AUROC: 65.14%, AUPR: 71.32%, FPR95: 99.67%, Test Score: 70.27%
Epoch: 11, Loss: 0.7455, AUROC: 67.87%, AUPR: 73.23%, FPR95: 99.54%, Test Score: 72.52%
Epoch: 12, Loss: 0.7345, AUROC: 68.83%, AUPR: 73.67%, FPR95: 99.47%, Test Score: 72.05%
Epoch: 13, Loss: 0.7235, AUROC: 70.73%, AUPR: 74.96%, FPR95: 99.22%, Test Score: 74.34%
Epoch: 14, Loss: 0.7135, AUROC: 72.41%, AUPR: 76.02%, FPR95: 98.70%, Test Score: 78.46%
Epoch: 15, Loss: 0.7055, AUROC: 72.69%, AUPR: 75.80%, FPR95: 97.74%, Test Score: 81.48%
Epoch: 16, Loss: 0.6977, AUROC: 73.11%, AUPR: 75.59%, FPR95: 96.18%, Test Score: 83.61%
Epoch: 17, Loss: 0.6915, AUROC: 73.09%, AUPR: 75.32%, FPR95: 95.42%, Test Score: 85.14%
Epoch: 18, Loss: 0.6856, AUROC: 75.90%, AUPR: 77.77%, FPR95: 94.10%, Test Score: 86.66%
Epoch: 19, Loss: 0.6798, AUROC: 77.64%, AUPR: 79.09%, FPR95: 93.16%, Test Score: 87.28%
Epoch: 20, Loss: 0.6720, AUROC: 79.73%, AUPR: 80.92%, FPR95: 88.75%, Test Score: 88.03%
Epoch: 21, Loss: 0.6663, AUROC: 80.80%, AUPR: 81.40%, FPR95: 82.67%, Test Score: 88.82%
Epoch: 22, Loss: 0.6594, AUROC: 82.70%, AUPR: 82.55%, FPR95: 77.34%, Test Score: 89.25%
Epoch: 23, Loss: 0.6524, AUROC: 82.31%, AUPR: 81.99%, FPR95: 78.68%, Test Score: 89.23%
Epoch: 24, Loss: 0.6458, AUROC: 81.19%, AUPR: 80.67%, FPR95: 79.29%, Test Score: 88.65%
Epoch: 25, Loss: 0.6419, AUROC: 78.50%, AUPR: 78.13%, FPR95: 84.06%, Test Score: 88.17%
Epoch: 26, Loss: 0.6356, AUROC: 85.23%, AUPR: 83.76%, FPR95: 63.55%, Test Score: 89.88%
Epoch: 27, Loss: 0.6301, AUROC: 85.45%, AUPR: 83.81%, FPR95: 61.09%, Test Score: 90.20%
Epoch: 28, Loss: 0.6235, AUROC: 83.76%, AUPR: 83.15%, FPR95: 72.28%, Test Score: 90.00%
Epoch: 29, Loss: 0.6197, AUROC: 80.26%, AUPR: 80.73%, FPR95: 83.82%, Test Score: 89.47%
",2024-03-18 22:37:20,80.2608,80.7259,83.8215,89.4661
"{'K': 2,
 'T': 1.0,
 'alpha': 0.5,
 'backbone': 'gcn',
 'cached': False,
 'cpu': False,
 'data_dir': '../data/',
 'dataset': 'coauthor-cs',
 'device': 3,
 'display_step': 1,
 'dropout': 0.0,
 'epochs': 30,
 'gat_heads': 8,
 'generate_logit': False,
 'generate_ood': True,
 'hidden_channels': 64,
 'hops': 2,
 'lamda': 1.0,
 'lr': 0.01,
 'm_in': -5,
 'm_out': -1,
 'method': 'energyprop',
 'mode': 'detect',
 'noise': 0.0,
 'num_layers': 2,
 'ood_type': 'structure',
 'out_heads': 1,
 'print_args': False,
 'print_prop': False,
 'prop_layers': 2,
 'runs': 1,
 'seed': 123,
 'train_prop': 0.1,
 'use_bn': True,
 'use_prop': False,
 'use_reg': False,
 'valid_prop': 0.1,
 'weight_decay': 0.01}",energyprop,True,gcn,coauthor-cs,structure,detect,30,"EnergyProp(
  (encoder): GCN(
    (convs): ModuleList(
      (0): GCNConv(6805, 64)
      (1): GCNConv(64, 15)
    )
    (bns): ModuleList(
      (0): BatchNorm1d(64, eps=1e-05, momentum=0.1, affine=True, track_running_stats=True)
    )
  )
  (classifier): Sequential(
    (0): Linear(in_features=15, out_features=16, bias=True)
    (1): ReLU(inplace=True)
    (2): Linear(in_features=16, out_features=8, bias=True)
    (3): ReLU(inplace=True)
    (4): Linear(in_features=8, out_features=1, bias=True)
    (5): Sigmoid()
  )
)","Epoch: 00, Loss: 3.2178, AUROC: 54.37%, AUPR: 66.64%, FPR95: 99.26%, Test Score: 39.93%
Epoch: 01, Loss: 1.3135, AUROC: 53.27%, AUPR: 67.06%, FPR95: 99.39%, Test Score: 38.18%
Epoch: 02, Loss: 1.0151, AUROC: 55.71%, AUPR: 69.33%, FPR95: 99.39%, Test Score: 38.90%
Epoch: 03, Loss: 0.8913, AUROC: 57.07%, AUPR: 70.20%, FPR95: 99.39%, Test Score: 41.11%
Epoch: 04, Loss: 0.8069, AUROC: 56.42%, AUPR: 69.34%, FPR95: 99.39%, Test Score: 44.55%
Epoch: 05, Loss: 0.7412, AUROC: 57.47%, AUPR: 69.93%, FPR95: 99.39%, Test Score: 49.61%
Epoch: 06, Loss: 0.6898, AUROC: 58.04%, AUPR: 69.95%, FPR95: 99.39%, Test Score: 53.45%
Epoch: 07, Loss: 0.6511, AUROC: 59.60%, AUPR: 70.89%, FPR95: 99.38%, Test Score: 56.64%
Epoch: 08, Loss: 0.6233, AUROC: 62.46%, AUPR: 72.84%, FPR95: 99.38%, Test Score: 60.29%
Epoch: 09, Loss: 0.6029, AUROC: 65.24%, AUPR: 75.11%, FPR95: 99.38%, Test Score: 62.57%
Epoch: 10, Loss: 0.5870, AUROC: 66.94%, AUPR: 76.47%, FPR95: 99.37%, Test Score: 65.30%
Epoch: 11, Loss: 0.5741, AUROC: 68.57%, AUPR: 77.67%, FPR95: 99.37%, Test Score: 68.98%
Epoch: 12, Loss: 0.5635, AUROC: 69.71%, AUPR: 78.45%, FPR95: 99.38%, Test Score: 70.21%
Epoch: 13, Loss: 0.5545, AUROC: 71.17%, AUPR: 79.55%, FPR95: 99.38%, Test Score: 72.73%
Epoch: 14, Loss: 0.5467, AUROC: 72.22%, AUPR: 80.43%, FPR95: 99.38%, Test Score: 75.59%
Epoch: 15, Loss: 0.5398, AUROC: 73.58%, AUPR: 81.30%, FPR95: 99.38%, Test Score: 77.32%
Epoch: 16, Loss: 0.5338, AUROC: 74.69%, AUPR: 81.93%, FPR95: 99.37%, Test Score: 78.68%
Epoch: 17, Loss: 0.5286, AUROC: 76.27%, AUPR: 82.91%, FPR95: 99.30%, Test Score: 80.17%
Epoch: 18, Loss: 0.5240, AUROC: 78.27%, AUPR: 84.31%, FPR95: 99.02%, Test Score: 82.87%
Epoch: 19, Loss: 0.5194, AUROC: 81.50%, AUPR: 86.54%, FPR95: 98.37%, Test Score: 85.93%
Epoch: 20, Loss: 0.5154, AUROC: 83.10%, AUPR: 87.41%, FPR95: 96.49%, Test Score: 87.22%
Epoch: 21, Loss: 0.5118, AUROC: 86.14%, AUPR: 89.27%, FPR95: 90.51%, Test Score: 88.87%
Epoch: 22, Loss: 0.5081, AUROC: 88.02%, AUPR: 90.39%, FPR95: 82.59%, Test Score: 89.33%
Epoch: 23, Loss: 0.5046, AUROC: 89.26%, AUPR: 91.24%, FPR95: 76.91%, Test Score: 89.55%
Epoch: 24, Loss: 0.5018, AUROC: 87.70%, AUPR: 90.15%, FPR95: 83.23%, Test Score: 88.98%
Epoch: 25, Loss: 0.4987, AUROC: 85.01%, AUPR: 88.32%, FPR95: 91.82%, Test Score: 88.12%
Epoch: 26, Loss: 0.4962, AUROC: 87.58%, AUPR: 90.24%, FPR95: 84.45%, Test Score: 88.91%
Epoch: 27, Loss: 0.4940, AUROC: 86.87%, AUPR: 89.71%, FPR95: 85.44%, Test Score: 89.03%
Epoch: 28, Loss: 0.4919, AUROC: 87.97%, AUPR: 90.71%, FPR95: 85.27%, Test Score: 89.23%
Epoch: 29, Loss: 0.4903, AUROC: 89.43%, AUPR: 91.65%, FPR95: 77.43%, Test Score: 89.29%
",2024-03-18 22:39:28,89.4294,91.6529,77.4341,89.2889
"{'K': 2,
 'T': 1.0,
 'alpha': 0.5,
 'backbone': 'gcn',
 'cached': False,
 'cpu': False,
 'data_dir': '../data/',
 'dataset': 'coauthor-cs',
 'device': 3,
 'display_step': 1,
 'dropout': 0.0,
 'epochs': 30,
 'gat_heads': 8,
 'generate_logit': False,
 'generate_ood': False,
 'hidden_channels': 64,
 'hops': 2,
 'lamda': 1.0,
 'lr': 0.01,
 'm_in': -5,
 'm_out': -1,
 'method': 'msp',
 'mode': 'detect',
 'noise': 0.0,
 'num_layers': 2,
 'ood_type': 'structure',
 'out_heads': 1,
 'print_args': False,
 'print_prop': False,
 'prop_layers': 2,
 'runs': 1,
 'seed': 123,
 'train_prop': 0.1,
 'use_bn': True,
 'use_prop': False,
 'use_reg': False,
 'valid_prop': 0.1,
 'weight_decay': 0.01}",msp,False,gcn,coauthor-cs,structure,detect,30,"MSP(
  (encoder): GCN(
    (convs): ModuleList(
      (0): GCNConv(6805, 64)
      (1): GCNConv(64, 15)
    )
    (bns): ModuleList(
      (0): BatchNorm1d(64, eps=1e-05, momentum=0.1, affine=True, track_running_stats=True)
    )
  )
  (classifier): Sequential(
    (0): Linear(in_features=15, out_features=16, bias=True)
    (1): ReLU(inplace=True)
    (2): Linear(in_features=16, out_features=8, bias=True)
    (3): ReLU(inplace=True)
    (4): Linear(in_features=8, out_features=1, bias=True)
    (5): Sigmoid()
  )
)","Epoch: 00, Loss: 2.7788, AUROC: 52.09%, AUPR: 62.76%, FPR95: 99.95%, Test Score: 52.04%
Epoch: 01, Loss: 0.8809, AUROC: 35.01%, AUPR: 47.72%, FPR95: 99.97%, Test Score: 35.55%
Epoch: 02, Loss: 0.6013, AUROC: 34.00%, AUPR: 46.73%, FPR95: 99.98%, Test Score: 31.33%
Epoch: 03, Loss: 0.4878, AUROC: 33.78%, AUPR: 46.13%, FPR95: 99.99%, Test Score: 25.53%
Epoch: 04, Loss: 0.4161, AUROC: 34.18%, AUPR: 45.97%, FPR95: 99.99%, Test Score: 22.98%
Epoch: 05, Loss: 0.3655, AUROC: 34.55%, AUPR: 45.93%, FPR95: 100.00%, Test Score: 22.73%
Epoch: 06, Loss: 0.3285, AUROC: 34.78%, AUPR: 45.87%, FPR95: 100.00%, Test Score: 22.74%
Epoch: 07, Loss: 0.3004, AUROC: 35.03%, AUPR: 45.86%, FPR95: 99.99%, Test Score: 22.73%
Epoch: 08, Loss: 0.2782, AUROC: 35.30%, AUPR: 45.87%, FPR95: 99.99%, Test Score: 22.66%
Epoch: 09, Loss: 0.2601, AUROC: 35.50%, AUPR: 45.77%, FPR95: 99.99%, Test Score: 22.61%
Epoch: 10, Loss: 0.2452, AUROC: 35.59%, AUPR: 45.56%, FPR95: 99.99%, Test Score: 22.57%
Epoch: 11, Loss: 0.2332, AUROC: 35.61%, AUPR: 45.30%, FPR95: 99.99%, Test Score: 22.55%
Epoch: 12, Loss: 0.2234, AUROC: 35.64%, AUPR: 45.07%, FPR95: 99.99%, Test Score: 22.55%
Epoch: 13, Loss: 0.2153, AUROC: 35.67%, AUPR: 44.90%, FPR95: 99.99%, Test Score: 22.55%
Epoch: 14, Loss: 0.2080, AUROC: 35.68%, AUPR: 44.79%, FPR95: 99.99%, Test Score: 22.55%
Epoch: 15, Loss: 0.2013, AUROC: 35.68%, AUPR: 44.75%, FPR95: 99.99%, Test Score: 22.55%
Epoch: 16, Loss: 0.1954, AUROC: 35.66%, AUPR: 44.74%, FPR95: 99.99%, Test Score: 22.55%
Epoch: 17, Loss: 0.1902, AUROC: 35.63%, AUPR: 44.77%, FPR95: 99.99%, Test Score: 22.55%
Epoch: 18, Loss: 0.1854, AUROC: 35.59%, AUPR: 44.83%, FPR95: 99.99%, Test Score: 22.55%
Epoch: 19, Loss: 0.1805, AUROC: 35.57%, AUPR: 44.90%, FPR95: 99.98%, Test Score: 22.55%
Epoch: 20, Loss: 0.1760, AUROC: 35.55%, AUPR: 44.96%, FPR95: 99.98%, Test Score: 22.55%
Epoch: 21, Loss: 0.1720, AUROC: 35.55%, AUPR: 45.01%, FPR95: 99.98%, Test Score: 22.55%
Epoch: 22, Loss: 0.1680, AUROC: 35.58%, AUPR: 45.07%, FPR95: 99.98%, Test Score: 22.55%
Epoch: 23, Loss: 0.1644, AUROC: 35.64%, AUPR: 45.13%, FPR95: 99.98%, Test Score: 22.55%
Epoch: 24, Loss: 0.1612, AUROC: 35.68%, AUPR: 45.21%, FPR95: 99.98%, Test Score: 22.55%
Epoch: 25, Loss: 0.1580, AUROC: 35.69%, AUPR: 45.29%, FPR95: 99.98%, Test Score: 22.55%
Epoch: 26, Loss: 0.1553, AUROC: 35.68%, AUPR: 45.40%, FPR95: 99.98%, Test Score: 22.55%
Epoch: 27, Loss: 0.1528, AUROC: 35.65%, AUPR: 45.57%, FPR95: 99.98%, Test Score: 22.55%
Epoch: 28, Loss: 0.1505, AUROC: 35.59%, AUPR: 45.78%, FPR95: 99.98%, Test Score: 22.56%
Epoch: 29, Loss: 0.1485, AUROC: 35.51%, AUPR: 46.02%, FPR95: 99.98%, Test Score: 22.57%
",2024-03-18 22:40:19,35.5089,46.0161,99.9836,22.5677
"{'K': 2,
 'T': 1.0,
 'alpha': 0.5,
 'backbone': 'gcn',
 'cached': False,
 'cpu': False,
 'data_dir': '../data/',
 'dataset': 'coauthor-cs',
 'device': 3,
 'display_step': 1,
 'dropout': 0.0,
 'epochs': 30,
 'gat_heads': 8,
 'generate_logit': False,
 'generate_ood': False,
 'hidden_channels': 64,
 'hops': 2,
 'lamda': 1.0,
 'lr': 0.01,
 'm_in': -5,
 'm_out': -1,
 'method': 'gnnsafe',
 'mode': 'detect',
 'noise': 0.0,
 'num_layers': 2,
 'ood_type': 'structure',
 'out_heads': 1,
 'print_args': False,
 'print_prop': False,
 'prop_layers': 2,
 'runs': 1,
 'seed': 123,
 'train_prop': 0.1,
 'use_bn': True,
 'use_prop': False,
 'use_reg': False,
 'valid_prop': 0.1,
 'weight_decay': 0.01}",gnnsafe,False,gcn,coauthor-cs,structure,detect,30,"GNNSafe(
  (encoder): GCN(
    (convs): ModuleList(
      (0): GCNConv(6805, 64)
      (1): GCNConv(64, 15)
    )
    (bns): ModuleList(
      (0): BatchNorm1d(64, eps=1e-05, momentum=0.1, affine=True, track_running_stats=True)
    )
  )
  (classifier): Sequential(
    (0): Linear(in_features=15, out_features=16, bias=True)
    (1): ReLU(inplace=True)
    (2): Linear(in_features=16, out_features=8, bias=True)
    (3): ReLU(inplace=True)
    (4): Linear(in_features=8, out_features=1, bias=True)
    (5): Sigmoid()
  )
)","Epoch: 00, Loss: 2.7788, AUROC: 61.31%, AUPR: 64.21%, FPR95: 99.69%, Test Score: 60.23%
Epoch: 01, Loss: 0.8809, AUROC: 58.38%, AUPR: 62.61%, FPR95: 99.88%, Test Score: 42.64%
Epoch: 02, Loss: 0.6013, AUROC: 61.19%, AUPR: 64.87%, FPR95: 99.85%, Test Score: 34.51%
Epoch: 03, Loss: 0.4878, AUROC: 63.01%, AUPR: 66.43%, FPR95: 99.77%, Test Score: 30.38%
Epoch: 04, Loss: 0.4161, AUROC: 63.35%, AUPR: 66.74%, FPR95: 99.68%, Test Score: 30.36%
Epoch: 05, Loss: 0.3655, AUROC: 63.24%, AUPR: 66.50%, FPR95: 99.62%, Test Score: 33.42%
Epoch: 06, Loss: 0.3285, AUROC: 64.29%, AUPR: 67.29%, FPR95: 99.42%, Test Score: 35.88%
Epoch: 07, Loss: 0.3004, AUROC: 65.41%, AUPR: 68.14%, FPR95: 99.19%, Test Score: 36.91%
Epoch: 08, Loss: 0.2782, AUROC: 66.45%, AUPR: 68.95%, FPR95: 98.93%, Test Score: 36.26%
Epoch: 09, Loss: 0.2601, AUROC: 67.56%, AUPR: 69.82%, FPR95: 98.63%, Test Score: 34.51%
Epoch: 10, Loss: 0.2452, AUROC: 68.77%, AUPR: 70.84%, FPR95: 98.51%, Test Score: 32.10%
Epoch: 11, Loss: 0.2332, AUROC: 69.98%, AUPR: 72.22%, FPR95: 98.73%, Test Score: 30.36%
Epoch: 12, Loss: 0.2234, AUROC: 70.90%, AUPR: 73.82%, FPR95: 98.88%, Test Score: 29.13%
Epoch: 13, Loss: 0.2153, AUROC: 71.47%, AUPR: 75.06%, FPR95: 98.89%, Test Score: 29.03%
Epoch: 14, Loss: 0.2080, AUROC: 71.90%, AUPR: 75.78%, FPR95: 98.82%, Test Score: 29.94%
Epoch: 15, Loss: 0.2013, AUROC: 72.40%, AUPR: 76.30%, FPR95: 98.66%, Test Score: 31.84%
Epoch: 16, Loss: 0.1954, AUROC: 73.04%, AUPR: 76.81%, FPR95: 98.40%, Test Score: 35.43%
Epoch: 17, Loss: 0.1902, AUROC: 73.78%, AUPR: 77.34%, FPR95: 98.00%, Test Score: 40.62%
Epoch: 18, Loss: 0.1854, AUROC: 74.52%, AUPR: 77.88%, FPR95: 97.49%, Test Score: 46.38%
Epoch: 19, Loss: 0.1805, AUROC: 75.18%, AUPR: 78.41%, FPR95: 97.08%, Test Score: 51.78%
Epoch: 20, Loss: 0.1760, AUROC: 75.73%, AUPR: 78.89%, FPR95: 96.70%, Test Score: 56.09%
Epoch: 21, Loss: 0.1720, AUROC: 76.10%, AUPR: 79.21%, FPR95: 96.32%, Test Score: 58.24%
Epoch: 22, Loss: 0.1680, AUROC: 76.29%, AUPR: 79.27%, FPR95: 96.13%, Test Score: 59.06%
Epoch: 23, Loss: 0.1644, AUROC: 76.42%, AUPR: 79.16%, FPR95: 96.04%, Test Score: 59.79%
Epoch: 24, Loss: 0.1612, AUROC: 76.78%, AUPR: 79.20%, FPR95: 95.72%, Test Score: 61.61%
Epoch: 25, Loss: 0.1580, AUROC: 77.75%, AUPR: 79.85%, FPR95: 95.15%, Test Score: 65.71%
Epoch: 26, Loss: 0.1553, AUROC: 79.62%, AUPR: 81.41%, FPR95: 93.60%, Test Score: 71.81%
Epoch: 27, Loss: 0.1528, AUROC: 82.19%, AUPR: 83.74%, FPR95: 90.32%, Test Score: 78.82%
Epoch: 28, Loss: 0.1505, AUROC: 84.91%, AUPR: 86.20%, FPR95: 84.61%, Test Score: 84.37%
Epoch: 29, Loss: 0.1485, AUROC: 87.26%, AUPR: 88.23%, FPR95: 76.55%, Test Score: 87.07%
",2024-03-18 22:41:11,87.2579,88.2262,76.545,87.0662
"{'K': 2,
 'T': 1.0,
 'alpha': 0.5,
 'backbone': 'gcn',
 'cached': False,
 'cpu': False,
 'data_dir': '../data/',
 'dataset': 'coauthor-cs',
 'device': 3,
 'display_step': 1,
 'dropout': 0.0,
 'epochs': 30,
 'gat_heads': 8,
 'generate_logit': False,
 'generate_ood': False,
 'hidden_channels': 64,
 'hops': 2,
 'lamda': 1.0,
 'lr': 0.01,
 'm_in': -5,
 'm_out': -1,
 'method': 'OE',
 'mode': 'detect',
 'noise': 0.0,
 'num_layers': 2,
 'ood_type': 'structure',
 'out_heads': 1,
 'print_args': False,
 'print_prop': False,
 'prop_layers': 2,
 'runs': 1,
 'seed': 123,
 'train_prop': 0.1,
 'use_bn': True,
 'use_prop': False,
 'use_reg': False,
 'valid_prop': 0.1,
 'weight_decay': 0.01}",OE,False,gcn,coauthor-cs,structure,detect,30,"OE(
  (encoder): GCN(
    (convs): ModuleList(
      (0): GCNConv(6805, 64)
      (1): GCNConv(64, 15)
    )
    (bns): ModuleList(
      (0): BatchNorm1d(64, eps=1e-05, momentum=0.1, affine=True, track_running_stats=True)
    )
  )
  (classifier): Sequential(
    (0): Linear(in_features=15, out_features=16, bias=True)
    (1): ReLU(inplace=True)
    (2): Linear(in_features=16, out_features=8, bias=True)
    (3): ReLU(inplace=True)
    (4): Linear(in_features=8, out_features=1, bias=True)
    (5): Sigmoid()
  )
)","Epoch: 00, Loss: 4.1438, AUROC: 76.60%, AUPR: 81.07%, FPR95: 98.15%, Test Score: 63.60%
Epoch: 01, Loss: 2.3086, AUROC: 34.90%, AUPR: 48.23%, FPR95: 99.96%, Test Score: 30.38%
Epoch: 02, Loss: 2.0947, AUROC: 34.12%, AUPR: 46.68%, FPR95: 99.97%, Test Score: 22.78%
Epoch: 03, Loss: 2.0294, AUROC: 33.77%, AUPR: 46.36%, FPR95: 99.97%, Test Score: 22.56%
Epoch: 04, Loss: 1.9922, AUROC: 33.61%, AUPR: 46.69%, FPR95: 99.97%, Test Score: 22.74%
Epoch: 05, Loss: 1.9665, AUROC: 33.18%, AUPR: 47.14%, FPR95: 99.96%, Test Score: 24.43%
Epoch: 06, Loss: 1.9467, AUROC: 33.21%, AUPR: 47.89%, FPR95: 99.95%, Test Score: 29.99%
Epoch: 07, Loss: 1.9294, AUROC: 34.14%, AUPR: 48.92%, FPR95: 99.95%, Test Score: 36.78%
Epoch: 08, Loss: 1.9132, AUROC: 34.89%, AUPR: 49.60%, FPR95: 99.93%, Test Score: 41.09%
Epoch: 09, Loss: 1.8983, AUROC: 34.94%, AUPR: 49.71%, FPR95: 99.89%, Test Score: 44.44%
Epoch: 10, Loss: 1.8855, AUROC: 34.93%, AUPR: 49.71%, FPR95: 99.87%, Test Score: 48.06%
Epoch: 11, Loss: 1.8753, AUROC: 35.72%, AUPR: 50.17%, FPR95: 99.85%, Test Score: 52.79%
Epoch: 12, Loss: 1.8667, AUROC: 38.24%, AUPR: 51.64%, FPR95: 99.80%, Test Score: 59.44%
Epoch: 13, Loss: 1.8581, AUROC: 43.93%, AUPR: 55.10%, FPR95: 99.68%, Test Score: 68.81%
Epoch: 14, Loss: 1.8488, AUROC: 54.38%, AUPR: 62.05%, FPR95: 99.37%, Test Score: 79.39%
Epoch: 15, Loss: 1.8389, AUROC: 68.37%, AUPR: 72.31%, FPR95: 97.39%, Test Score: 85.74%
Epoch: 16, Loss: 1.8288, AUROC: 80.67%, AUPR: 82.07%, FPR95: 86.58%, Test Score: 87.46%
Epoch: 17, Loss: 1.8182, AUROC: 87.28%, AUPR: 87.76%, FPR95: 72.33%, Test Score: 87.30%
Epoch: 18, Loss: 1.8067, AUROC: 89.52%, AUPR: 89.78%, FPR95: 65.43%, Test Score: 86.85%
Epoch: 19, Loss: 1.7953, AUROC: 90.13%, AUPR: 90.27%, FPR95: 62.82%, Test Score: 86.90%
Epoch: 20, Loss: 1.7841, AUROC: 90.60%, AUPR: 90.56%, FPR95: 58.59%, Test Score: 87.38%
Epoch: 21, Loss: 1.7725, AUROC: 91.15%, AUPR: 90.87%, FPR95: 53.59%, Test Score: 88.10%
Epoch: 22, Loss: 1.7605, AUROC: 91.51%, AUPR: 91.01%, FPR95: 49.73%, Test Score: 88.96%
Epoch: 23, Loss: 1.7484, AUROC: 91.61%, AUPR: 90.92%, FPR95: 47.15%, Test Score: 89.79%
Epoch: 24, Loss: 1.7363, AUROC: 91.88%, AUPR: 91.08%, FPR95: 45.38%, Test Score: 90.30%
Epoch: 25, Loss: 1.7251, AUROC: 92.75%, AUPR: 91.89%, FPR95: 41.31%, Test Score: 90.41%
Epoch: 26, Loss: 1.7141, AUROC: 94.03%, AUPR: 93.09%, FPR95: 34.24%, Test Score: 90.66%
Epoch: 27, Loss: 1.7036, AUROC: 95.16%, AUPR: 94.10%, FPR95: 27.15%, Test Score: 90.88%
Epoch: 28, Loss: 1.6932, AUROC: 95.93%, AUPR: 94.70%, FPR95: 21.57%, Test Score: 91.27%
Epoch: 29, Loss: 1.6838, AUROC: 96.32%, AUPR: 95.00%, FPR95: 17.95%, Test Score: 91.25%
",2024-03-18 22:42:02,96.3215,95.0023,17.9458,91.2525
"{'K': 2,
 'T': 1.0,
 'alpha': 0.5,
 'backbone': 'gcn',
 'cached': False,
 'cpu': False,
 'data_dir': '../data/',
 'dataset': 'coauthor-cs',
 'device': 3,
 'display_step': 1,
 'dropout': 0.0,
 'epochs': 30,
 'gat_heads': 8,
 'generate_logit': False,
 'generate_ood': False,
 'hidden_channels': 64,
 'hops': 2,
 'lamda': 1.0,
 'lr': 0.01,
 'm_in': -5,
 'm_out': -1,
 'method': 'ODIN',
 'mode': 'detect',
 'noise': 0.0,
 'num_layers': 2,
 'ood_type': 'structure',
 'out_heads': 1,
 'print_args': False,
 'print_prop': False,
 'prop_layers': 2,
 'runs': 1,
 'seed': 123,
 'train_prop': 0.1,
 'use_bn': True,
 'use_prop': False,
 'use_reg': False,
 'valid_prop': 0.1,
 'weight_decay': 0.01}",ODIN,False,gcn,coauthor-cs,structure,detect,30,"ODIN(
  (encoder): GCN(
    (convs): ModuleList(
      (0): GCNConv(6805, 64)
      (1): GCNConv(64, 15)
    )
    (bns): ModuleList(
      (0): BatchNorm1d(64, eps=1e-05, momentum=0.1, affine=True, track_running_stats=True)
    )
  )
  (classifier): Sequential(
    (0): Linear(in_features=15, out_features=16, bias=True)
    (1): ReLU(inplace=True)
    (2): Linear(in_features=16, out_features=8, bias=True)
    (3): ReLU(inplace=True)
    (4): Linear(in_features=8, out_features=1, bias=True)
    (5): Sigmoid()
  )
)","Epoch: 00, Loss: 2.7788, AUROC: 40.17%, AUPR: 50.19%, FPR95: 99.93%, Test Score: 60.71%
Epoch: 01, Loss: 0.8809, AUROC: 65.14%, AUPR: 71.42%, FPR95: 99.91%, Test Score: 32.89%
Epoch: 02, Loss: 0.6013, AUROC: 66.95%, AUPR: 73.11%, FPR95: 99.89%, Test Score: 24.03%
Epoch: 03, Loss: 0.4878, AUROC: 66.67%, AUPR: 72.60%, FPR95: 99.87%, Test Score: 23.00%
Epoch: 04, Loss: 0.4161, AUROC: 65.90%, AUPR: 71.76%, FPR95: 99.87%, Test Score: 22.84%
Epoch: 05, Loss: 0.3655, AUROC: 65.48%, AUPR: 71.31%, FPR95: 99.87%, Test Score: 22.84%
Epoch: 06, Loss: 0.3285, AUROC: 65.22%, AUPR: 70.96%, FPR95: 99.87%, Test Score: 22.95%
Epoch: 07, Loss: 0.3004, AUROC: 64.96%, AUPR: 70.57%, FPR95: 99.87%, Test Score: 22.83%
Epoch: 08, Loss: 0.2782, AUROC: 64.70%, AUPR: 70.16%, FPR95: 99.87%, Test Score: 22.69%
Epoch: 09, Loss: 0.2601, AUROC: 64.52%, AUPR: 69.80%, FPR95: 99.87%, Test Score: 22.61%
Epoch: 10, Loss: 0.2452, AUROC: 64.45%, AUPR: 69.54%, FPR95: 99.85%, Test Score: 22.57%
Epoch: 11, Loss: 0.2332, AUROC: 64.43%, AUPR: 69.34%, FPR95: 99.82%, Test Score: 22.55%
Epoch: 12, Loss: 0.2234, AUROC: 64.40%, AUPR: 69.15%, FPR95: 99.79%, Test Score: 22.55%
Epoch: 13, Loss: 0.2153, AUROC: 64.35%, AUPR: 68.97%, FPR95: 99.78%, Test Score: 22.55%
Epoch: 14, Loss: 0.2080, AUROC: 64.30%, AUPR: 68.84%, FPR95: 99.77%, Test Score: 22.55%
Epoch: 15, Loss: 0.2013, AUROC: 64.28%, AUPR: 68.79%, FPR95: 99.77%, Test Score: 22.55%
Epoch: 16, Loss: 0.1954, AUROC: 64.29%, AUPR: 68.81%, FPR95: 99.77%, Test Score: 22.55%
Epoch: 17, Loss: 0.1902, AUROC: 64.33%, AUPR: 68.86%, FPR95: 99.77%, Test Score: 22.55%
Epoch: 18, Loss: 0.1854, AUROC: 64.37%, AUPR: 68.94%, FPR95: 99.78%, Test Score: 22.55%
Epoch: 19, Loss: 0.1805, AUROC: 64.40%, AUPR: 69.01%, FPR95: 99.79%, Test Score: 22.55%
Epoch: 20, Loss: 0.1760, AUROC: 64.43%, AUPR: 69.06%, FPR95: 99.79%, Test Score: 22.55%
Epoch: 21, Loss: 0.1720, AUROC: 64.43%, AUPR: 69.07%, FPR95: 99.80%, Test Score: 22.55%
Epoch: 22, Loss: 0.1680, AUROC: 64.41%, AUPR: 69.04%, FPR95: 99.80%, Test Score: 22.55%
Epoch: 23, Loss: 0.1644, AUROC: 64.37%, AUPR: 69.01%, FPR95: 99.80%, Test Score: 22.55%
Epoch: 24, Loss: 0.1612, AUROC: 64.33%, AUPR: 69.00%, FPR95: 99.80%, Test Score: 22.55%
Epoch: 25, Loss: 0.1580, AUROC: 64.32%, AUPR: 69.03%, FPR95: 99.80%, Test Score: 22.55%
Epoch: 26, Loss: 0.1553, AUROC: 64.34%, AUPR: 69.11%, FPR95: 99.81%, Test Score: 22.55%
Epoch: 27, Loss: 0.1528, AUROC: 64.38%, AUPR: 69.24%, FPR95: 99.82%, Test Score: 22.55%
Epoch: 28, Loss: 0.1505, AUROC: 64.43%, AUPR: 69.41%, FPR95: 99.83%, Test Score: 22.56%
Epoch: 29, Loss: 0.1485, AUROC: 64.50%, AUPR: 69.61%, FPR95: 99.84%, Test Score: 22.57%
",2024-03-18 22:42:49,64.5035,69.6105,99.8418,22.5745
"{'K': 2,
 'T': 1.0,
 'alpha': 0.5,
 'backbone': 'gcn',
 'cached': False,
 'cpu': False,
 'data_dir': '../data/',
 'dataset': 'coauthor-cs',
 'device': 3,
 'display_step': 1,
 'dropout': 0.0,
 'epochs': 30,
 'gat_heads': 8,
 'generate_logit': False,
 'generate_ood': False,
 'hidden_channels': 64,
 'hops': 2,
 'lamda': 1.0,
 'lr': 0.01,
 'm_in': -5,
 'm_out': -1,
 'method': 'Mahalanobis',
 'mode': 'detect',
 'noise': 0.0,
 'num_layers': 2,
 'ood_type': 'structure',
 'out_heads': 1,
 'print_args': False,
 'print_prop': False,
 'prop_layers': 2,
 'runs': 1,
 'seed': 123,
 'train_prop': 0.1,
 'use_bn': True,
 'use_prop': False,
 'use_reg': False,
 'valid_prop': 0.1,
 'weight_decay': 0.01}",Mahalanobis,False,gcn,coauthor-cs,structure,detect,30,"Mahalanobis(
  (encoder): GCN(
    (convs): ModuleList(
      (0): GCNConv(6805, 64)
      (1): GCNConv(64, 15)
    )
    (bns): ModuleList(
      (0): BatchNorm1d(64, eps=1e-05, momentum=0.1, affine=True, track_running_stats=True)
    )
  )
  (classifier): Sequential(
    (0): Linear(in_features=15, out_features=16, bias=True)
    (1): ReLU(inplace=True)
    (2): Linear(in_features=16, out_features=8, bias=True)
    (3): ReLU(inplace=True)
    (4): Linear(in_features=8, out_features=1, bias=True)
    (5): Sigmoid()
  )
)","Epoch: 00, Loss: 2.7788, AUROC: 55.73%, AUPR: 58.14%, FPR95: 99.34%, Test Score: 56.92%
Epoch: 01, Loss: 0.8809, AUROC: 59.72%, AUPR: 63.62%, FPR95: 98.52%, Test Score: 33.14%
Epoch: 02, Loss: 0.6013, AUROC: 59.25%, AUPR: 62.37%, FPR95: 98.52%, Test Score: 26.77%
Epoch: 03, Loss: 0.4878, AUROC: 54.09%, AUPR: 58.67%, FPR95: 99.41%, Test Score: 24.34%
Epoch: 04, Loss: 0.4161, AUROC: 53.34%, AUPR: 57.29%, FPR95: 99.28%, Test Score: 23.06%
Epoch: 05, Loss: 0.3655, AUROC: 51.69%, AUPR: 55.35%, FPR95: 99.21%, Test Score: 23.02%
Epoch: 06, Loss: 0.3285, AUROC: 48.12%, AUPR: 52.56%, FPR95: 99.59%, Test Score: 23.04%
Epoch: 07, Loss: 0.3004, AUROC: 48.59%, AUPR: 52.98%, FPR95: 99.48%, Test Score: 22.81%
Epoch: 08, Loss: 0.2782, AUROC: 51.40%, AUPR: 54.83%, FPR95: 99.21%, Test Score: 22.65%
Epoch: 09, Loss: 0.2601, AUROC: 54.08%, AUPR: 56.64%, FPR95: 98.81%, Test Score: 22.59%
Epoch: 10, Loss: 0.2452, AUROC: 53.21%, AUPR: 56.00%, FPR95: 99.05%, Test Score: 22.55%
Epoch: 11, Loss: 0.2332, AUROC: 50.51%, AUPR: 53.83%, FPR95: 99.38%, Test Score: 22.55%
Epoch: 12, Loss: 0.2234, AUROC: 49.42%, AUPR: 52.81%, FPR95: 99.44%, Test Score: 22.55%
Epoch: 13, Loss: 0.2153, AUROC: 50.60%, AUPR: 53.48%, FPR95: 99.29%, Test Score: 22.55%
Epoch: 14, Loss: 0.2080, AUROC: 53.01%, AUPR: 55.16%, FPR95: 98.97%, Test Score: 22.55%
Epoch: 15, Loss: 0.2013, AUROC: 55.02%, AUPR: 56.61%, FPR95: 98.71%, Test Score: 22.55%
Epoch: 16, Loss: 0.1954, AUROC: 54.91%, AUPR: 56.49%, FPR95: 98.76%, Test Score: 22.55%
Epoch: 17, Loss: 0.1902, AUROC: 53.83%, AUPR: 55.71%, FPR95: 98.88%, Test Score: 22.55%
Epoch: 18, Loss: 0.1854, AUROC: 54.04%, AUPR: 55.79%, FPR95: 98.73%, Test Score: 22.55%
Epoch: 19, Loss: 0.1805, AUROC: 54.58%, AUPR: 56.14%, FPR95: 98.78%, Test Score: 22.55%
Epoch: 20, Loss: 0.1760, AUROC: 54.66%, AUPR: 56.19%, FPR95: 98.94%, Test Score: 22.55%
Epoch: 21, Loss: 0.1720, AUROC: 55.02%, AUPR: 56.36%, FPR95: 98.85%, Test Score: 22.55%
Epoch: 22, Loss: 0.1680, AUROC: 55.45%, AUPR: 56.54%, FPR95: 98.63%, Test Score: 22.55%
Epoch: 23, Loss: 0.1644, AUROC: 57.12%, AUPR: 57.71%, FPR95: 98.33%, Test Score: 22.55%
Epoch: 24, Loss: 0.1612, AUROC: 58.39%, AUPR: 58.73%, FPR95: 98.28%, Test Score: 22.55%
Epoch: 25, Loss: 0.1580, AUROC: 58.71%, AUPR: 59.07%, FPR95: 98.35%, Test Score: 22.55%
Epoch: 26, Loss: 0.1553, AUROC: 58.55%, AUPR: 59.02%, FPR95: 98.48%, Test Score: 22.55%
Epoch: 27, Loss: 0.1528, AUROC: 58.34%, AUPR: 58.90%, FPR95: 98.50%, Test Score: 22.55%
Epoch: 28, Loss: 0.1505, AUROC: 58.29%, AUPR: 58.85%, FPR95: 98.55%, Test Score: 22.56%
Epoch: 29, Loss: 0.1485, AUROC: 58.48%, AUPR: 58.93%, FPR95: 98.46%, Test Score: 22.56%
",2024-03-18 22:44:13,58.4813,58.9271,98.4618,22.5609
"{'K': 2,
 'T': 1.0,
 'alpha': 0.5,
 'backbone': 'gcn',
 'cached': False,
 'cpu': False,
 'data_dir': '../data/',
 'dataset': 'coauthor-cs',
 'device': 3,
 'display_step': 1,
 'dropout': 0.0,
 'epochs': 30,
 'gat_heads': 8,
 'generate_logit': False,
 'generate_ood': False,
 'hidden_channels': 64,
 'hops': 2,
 'lamda': 1.0,
 'lr': 0.01,
 'm_in': -5,
 'm_out': -1,
 'method': 'maxlogits',
 'mode': 'detect',
 'noise': 0.0,
 'num_layers': 2,
 'ood_type': 'structure',
 'out_heads': 1,
 'print_args': False,
 'print_prop': False,
 'prop_layers': 2,
 'runs': 1,
 'seed': 123,
 'train_prop': 0.1,
 'use_bn': True,
 'use_prop': False,
 'use_reg': False,
 'valid_prop': 0.1,
 'weight_decay': 0.01}",maxlogits,False,gcn,coauthor-cs,structure,detect,30,"MaxLogits(
  (encoder): GCN(
    (convs): ModuleList(
      (0): GCNConv(6805, 64)
      (1): GCNConv(64, 15)
    )
    (bns): ModuleList(
      (0): BatchNorm1d(64, eps=1e-05, momentum=0.1, affine=True, track_running_stats=True)
    )
  )
  (classifier): Sequential(
    (0): Linear(in_features=15, out_features=16, bias=True)
    (1): ReLU(inplace=True)
    (2): Linear(in_features=16, out_features=8, bias=True)
    (3): ReLU(inplace=True)
    (4): Linear(in_features=8, out_features=1, bias=True)
    (5): Sigmoid()
  )
)","Epoch: 00, Loss: 2.7323, AUROC: 37.46%, AUPR: 48.30%, FPR95: 99.99%, Test Score: 23.30%
Epoch: 01, Loss: 0.8400, AUROC: 38.86%, AUPR: 48.93%, FPR95: 99.97%, Test Score: 34.62%
Epoch: 02, Loss: 0.5583, AUROC: 39.80%, AUPR: 49.58%, FPR95: 99.95%, Test Score: 35.28%
Epoch: 03, Loss: 0.4532, AUROC: 38.71%, AUPR: 48.43%, FPR95: 99.97%, Test Score: 34.64%
Epoch: 04, Loss: 0.3898, AUROC: 37.10%, AUPR: 46.85%, FPR95: 99.99%, Test Score: 33.25%
Epoch: 05, Loss: 0.3453, AUROC: 35.95%, AUPR: 45.79%, FPR95: 99.99%, Test Score: 29.86%
Epoch: 06, Loss: 0.3127, AUROC: 35.27%, AUPR: 45.17%, FPR95: 100.00%, Test Score: 25.75%
Epoch: 07, Loss: 0.2880, AUROC: 34.99%, AUPR: 44.89%, FPR95: 100.00%, Test Score: 23.81%
Epoch: 08, Loss: 0.2685, AUROC: 34.92%, AUPR: 44.80%, FPR95: 99.99%, Test Score: 23.09%
Epoch: 09, Loss: 0.2526, AUROC: 35.01%, AUPR: 44.86%, FPR95: 99.99%, Test Score: 22.87%
Epoch: 10, Loss: 0.2395, AUROC: 35.18%, AUPR: 45.01%, FPR95: 99.99%, Test Score: 22.78%
Epoch: 11, Loss: 0.2288, AUROC: 35.33%, AUPR: 45.15%, FPR95: 99.99%, Test Score: 22.75%
Epoch: 12, Loss: 0.2203, AUROC: 35.45%, AUPR: 45.26%, FPR95: 99.99%, Test Score: 22.75%
Epoch: 13, Loss: 0.2133, AUROC: 35.53%, AUPR: 45.33%, FPR95: 99.99%, Test Score: 22.72%
Epoch: 14, Loss: 0.2072, AUROC: 35.54%, AUPR: 45.36%, FPR95: 99.99%, Test Score: 22.66%
Epoch: 15, Loss: 0.2018, AUROC: 35.48%, AUPR: 45.32%, FPR95: 99.99%, Test Score: 22.63%
Epoch: 16, Loss: 0.1970, AUROC: 35.39%, AUPR: 45.26%, FPR95: 99.99%, Test Score: 22.62%
Epoch: 17, Loss: 0.1928, AUROC: 35.35%, AUPR: 45.24%, FPR95: 99.98%, Test Score: 22.61%
Epoch: 18, Loss: 0.1887, AUROC: 35.40%, AUPR: 45.30%, FPR95: 99.99%, Test Score: 22.59%
Epoch: 19, Loss: 0.1845, AUROC: 35.49%, AUPR: 45.38%, FPR95: 99.99%, Test Score: 22.58%
Epoch: 20, Loss: 0.1805, AUROC: 35.57%, AUPR: 45.44%, FPR95: 99.99%, Test Score: 22.58%
Epoch: 21, Loss: 0.1769, AUROC: 35.62%, AUPR: 45.48%, FPR95: 99.99%, Test Score: 22.57%
Epoch: 22, Loss: 0.1730, AUROC: 35.66%, AUPR: 45.50%, FPR95: 99.99%, Test Score: 22.57%
Epoch: 23, Loss: 0.1693, AUROC: 35.67%, AUPR: 45.50%, FPR95: 99.99%, Test Score: 22.57%
Epoch: 24, Loss: 0.1660, AUROC: 35.69%, AUPR: 45.49%, FPR95: 99.99%, Test Score: 22.58%
Epoch: 25, Loss: 0.1626, AUROC: 35.71%, AUPR: 45.48%, FPR95: 99.99%, Test Score: 22.58%
Epoch: 26, Loss: 0.1596, AUROC: 35.76%, AUPR: 45.48%, FPR95: 99.99%, Test Score: 22.57%
Epoch: 27, Loss: 0.1570, AUROC: 35.81%, AUPR: 45.48%, FPR95: 99.99%, Test Score: 22.57%
Epoch: 28, Loss: 0.1545, AUROC: 35.87%, AUPR: 45.47%, FPR95: 99.99%, Test Score: 22.57%
Epoch: 29, Loss: 0.1524, AUROC: 35.91%, AUPR: 45.46%, FPR95: 99.99%, Test Score: 22.57%
",2024-03-18 22:45:00,35.9137,45.4581,99.9891,22.5677
"{'K': 2,
 'T': 1.0,
 'alpha': 0.5,
 'backbone': 'gcn',
 'cached': False,
 'cpu': False,
 'data_dir': '../data/',
 'dataset': 'coauthor-cs',
 'device': 3,
 'display_step': 1,
 'dropout': 0.0,
 'epochs': 30,
 'gat_heads': 8,
 'generate_logit': False,
 'generate_ood': False,
 'hidden_channels': 64,
 'hops': 2,
 'lamda': 1.0,
 'lr': 0.01,
 'm_in': -5,
 'm_out': -1,
 'method': 'energymodel',
 'mode': 'detect',
 'noise': 0.0,
 'num_layers': 2,
 'ood_type': 'structure',
 'out_heads': 1,
 'print_args': False,
 'print_prop': False,
 'prop_layers': 2,
 'runs': 1,
 'seed': 123,
 'train_prop': 0.1,
 'use_bn': True,
 'use_prop': False,
 'use_reg': False,
 'valid_prop': 0.1,
 'weight_decay': 0.01}",energymodel,False,gcn,coauthor-cs,structure,detect,30,"EnergyModel(
  (encoder): GCN(
    (convs): ModuleList(
      (0): GCNConv(6805, 64)
      (1): GCNConv(64, 15)
    )
    (bns): ModuleList(
      (0): BatchNorm1d(64, eps=1e-05, momentum=0.1, affine=True, track_running_stats=True)
    )
  )
  (classifier): Sequential(
    (0): Linear(in_features=15, out_features=16, bias=True)
    (1): ReLU(inplace=True)
    (2): Linear(in_features=16, out_features=8, bias=True)
    (3): ReLU(inplace=True)
    (4): Linear(in_features=8, out_features=1, bias=True)
    (5): Sigmoid()
  )
)","Epoch: 00, Loss: 2.7323, AUROC: 38.83%, AUPR: 47.51%, FPR95: 99.98%, Test Score: 29.08%
Epoch: 01, Loss: 0.8400, AUROC: 42.43%, AUPR: 51.81%, FPR95: 99.98%, Test Score: 36.53%
Epoch: 02, Loss: 0.5583, AUROC: 48.37%, AUPR: 59.23%, FPR95: 99.93%, Test Score: 38.79%
Epoch: 03, Loss: 0.4532, AUROC: 52.14%, AUPR: 63.40%, FPR95: 99.92%, Test Score: 39.48%
Epoch: 04, Loss: 0.3898, AUROC: 51.65%, AUPR: 62.91%, FPR95: 99.90%, Test Score: 39.24%
Epoch: 05, Loss: 0.3453, AUROC: 51.42%, AUPR: 62.31%, FPR95: 99.89%, Test Score: 38.45%
Epoch: 06, Loss: 0.3127, AUROC: 51.76%, AUPR: 62.29%, FPR95: 99.89%, Test Score: 37.53%
Epoch: 07, Loss: 0.2880, AUROC: 52.47%, AUPR: 62.80%, FPR95: 99.88%, Test Score: 37.55%
Epoch: 08, Loss: 0.2685, AUROC: 53.64%, AUPR: 63.62%, FPR95: 99.86%, Test Score: 38.73%
Epoch: 09, Loss: 0.2526, AUROC: 55.18%, AUPR: 64.53%, FPR95: 99.86%, Test Score: 40.01%
Epoch: 10, Loss: 0.2395, AUROC: 57.05%, AUPR: 65.50%, FPR95: 99.84%, Test Score: 41.58%
Epoch: 11, Loss: 0.2288, AUROC: 59.04%, AUPR: 66.54%, FPR95: 99.84%, Test Score: 43.36%
Epoch: 12, Loss: 0.2203, AUROC: 60.81%, AUPR: 67.52%, FPR95: 99.84%, Test Score: 44.77%
Epoch: 13, Loss: 0.2133, AUROC: 62.04%, AUPR: 68.14%, FPR95: 99.80%, Test Score: 46.03%
Epoch: 14, Loss: 0.2072, AUROC: 62.63%, AUPR: 68.22%, FPR95: 99.78%, Test Score: 47.64%
Epoch: 15, Loss: 0.2018, AUROC: 62.74%, AUPR: 67.87%, FPR95: 99.75%, Test Score: 49.30%
Epoch: 16, Loss: 0.1970, AUROC: 62.71%, AUPR: 67.37%, FPR95: 99.72%, Test Score: 50.94%
Epoch: 17, Loss: 0.1928, AUROC: 62.98%, AUPR: 67.14%, FPR95: 99.66%, Test Score: 52.92%
Epoch: 18, Loss: 0.1887, AUROC: 63.73%, AUPR: 67.44%, FPR95: 99.59%, Test Score: 55.25%
Epoch: 19, Loss: 0.1845, AUROC: 64.82%, AUPR: 68.17%, FPR95: 99.45%, Test Score: 57.84%
Epoch: 20, Loss: 0.1805, AUROC: 66.05%, AUPR: 69.12%, FPR95: 99.29%, Test Score: 60.84%
Epoch: 21, Loss: 0.1769, AUROC: 67.33%, AUPR: 70.14%, FPR95: 99.01%, Test Score: 64.20%
Epoch: 22, Loss: 0.1730, AUROC: 68.62%, AUPR: 71.16%, FPR95: 98.61%, Test Score: 67.41%
Epoch: 23, Loss: 0.1693, AUROC: 69.88%, AUPR: 72.13%, FPR95: 98.18%, Test Score: 70.40%
Epoch: 24, Loss: 0.1660, AUROC: 71.00%, AUPR: 72.98%, FPR95: 97.92%, Test Score: 73.09%
Epoch: 25, Loss: 0.1626, AUROC: 71.88%, AUPR: 73.64%, FPR95: 97.68%, Test Score: 75.18%
Epoch: 26, Loss: 0.1596, AUROC: 72.50%, AUPR: 74.08%, FPR95: 97.37%, Test Score: 77.56%
Epoch: 27, Loss: 0.1570, AUROC: 73.04%, AUPR: 74.45%, FPR95: 96.97%, Test Score: 79.71%
Epoch: 28, Loss: 0.1545, AUROC: 73.77%, AUPR: 75.01%, FPR95: 96.12%, Test Score: 81.75%
Epoch: 29, Loss: 0.1524, AUROC: 74.90%, AUPR: 75.95%, FPR95: 94.70%, Test Score: 83.81%
",2024-03-18 22:45:53,74.9043,75.953,94.6981,83.8072
"{'K': 2,
 'T': 1.0,
 'alpha': 0.5,
 'backbone': 'gcn',
 'cached': False,
 'cpu': False,
 'data_dir': '../data/',
 'dataset': 'coauthor-cs',
 'device': 3,
 'display_step': 1,
 'dropout': 0.0,
 'epochs': 30,
 'gat_heads': 8,
 'generate_logit': False,
 'generate_ood': False,
 'hidden_channels': 64,
 'hops': 2,
 'lamda': 1.0,
 'lr': 0.01,
 'm_in': -5,
 'm_out': -1,
 'method': 'energyprop',
 'mode': 'detect',
 'noise': 0.0,
 'num_layers': 2,
 'ood_type': 'structure',
 'out_heads': 1,
 'print_args': False,
 'print_prop': False,
 'prop_layers': 2,
 'runs': 1,
 'seed': 123,
 'train_prop': 0.1,
 'use_bn': True,
 'use_prop': False,
 'use_reg': False,
 'valid_prop': 0.1,
 'weight_decay': 0.01}",energyprop,False,gcn,coauthor-cs,structure,detect,30,"EnergyProp(
  (encoder): GCN(
    (convs): ModuleList(
      (0): GCNConv(6805, 64)
      (1): GCNConv(64, 15)
    )
    (bns): ModuleList(
      (0): BatchNorm1d(64, eps=1e-05, momentum=0.1, affine=True, track_running_stats=True)
    )
  )
  (classifier): Sequential(
    (0): Linear(in_features=15, out_features=16, bias=True)
    (1): ReLU(inplace=True)
    (2): Linear(in_features=16, out_features=8, bias=True)
    (3): ReLU(inplace=True)
    (4): Linear(in_features=8, out_features=1, bias=True)
    (5): Sigmoid()
  )
)","Epoch: 00, Loss: 2.7323, AUROC: 54.36%, AUPR: 66.80%, FPR95: 99.37%, Test Score: 24.13%
Epoch: 01, Loss: 0.8400, AUROC: 56.25%, AUPR: 69.66%, FPR95: 99.39%, Test Score: 36.50%
Epoch: 02, Loss: 0.5583, AUROC: 54.93%, AUPR: 68.86%, FPR95: 99.39%, Test Score: 37.36%
Epoch: 03, Loss: 0.4532, AUROC: 55.67%, AUPR: 69.24%, FPR95: 99.39%, Test Score: 38.07%
Epoch: 04, Loss: 0.3898, AUROC: 57.57%, AUPR: 70.27%, FPR95: 99.39%, Test Score: 38.73%
Epoch: 05, Loss: 0.3453, AUROC: 60.48%, AUPR: 72.19%, FPR95: 99.39%, Test Score: 38.77%
Epoch: 06, Loss: 0.3127, AUROC: 60.85%, AUPR: 72.38%, FPR95: 99.38%, Test Score: 37.79%
Epoch: 07, Loss: 0.2880, AUROC: 60.18%, AUPR: 71.63%, FPR95: 99.37%, Test Score: 36.72%
Epoch: 08, Loss: 0.2685, AUROC: 59.94%, AUPR: 71.15%, FPR95: 99.38%, Test Score: 37.19%
Epoch: 09, Loss: 0.2526, AUROC: 60.31%, AUPR: 71.35%, FPR95: 99.38%, Test Score: 38.97%
Epoch: 10, Loss: 0.2395, AUROC: 61.31%, AUPR: 71.98%, FPR95: 99.37%, Test Score: 40.98%
Epoch: 11, Loss: 0.2288, AUROC: 62.38%, AUPR: 72.65%, FPR95: 99.37%, Test Score: 43.06%
Epoch: 12, Loss: 0.2203, AUROC: 63.14%, AUPR: 73.21%, FPR95: 99.37%, Test Score: 44.94%
Epoch: 13, Loss: 0.2133, AUROC: 63.62%, AUPR: 73.54%, FPR95: 99.38%, Test Score: 46.70%
Epoch: 14, Loss: 0.2072, AUROC: 63.95%, AUPR: 73.67%, FPR95: 99.38%, Test Score: 48.46%
Epoch: 15, Loss: 0.2018, AUROC: 64.19%, AUPR: 73.61%, FPR95: 99.38%, Test Score: 50.48%
Epoch: 16, Loss: 0.1970, AUROC: 64.35%, AUPR: 73.36%, FPR95: 99.38%, Test Score: 52.13%
Epoch: 17, Loss: 0.1928, AUROC: 64.60%, AUPR: 73.13%, FPR95: 99.38%, Test Score: 53.40%
Epoch: 18, Loss: 0.1887, AUROC: 65.04%, AUPR: 73.15%, FPR95: 99.38%, Test Score: 54.63%
Epoch: 19, Loss: 0.1845, AUROC: 65.66%, AUPR: 73.48%, FPR95: 99.38%, Test Score: 56.08%
Epoch: 20, Loss: 0.1805, AUROC: 66.43%, AUPR: 74.19%, FPR95: 99.38%, Test Score: 58.59%
Epoch: 21, Loss: 0.1769, AUROC: 67.27%, AUPR: 75.21%, FPR95: 99.36%, Test Score: 62.04%
Epoch: 22, Loss: 0.1730, AUROC: 68.23%, AUPR: 76.38%, FPR95: 99.37%, Test Score: 66.21%
Epoch: 23, Loss: 0.1693, AUROC: 69.46%, AUPR: 77.59%, FPR95: 99.36%, Test Score: 70.62%
Epoch: 24, Loss: 0.1660, AUROC: 71.13%, AUPR: 78.89%, FPR95: 99.36%, Test Score: 74.12%
Epoch: 25, Loss: 0.1626, AUROC: 73.22%, AUPR: 80.31%, FPR95: 99.34%, Test Score: 77.06%
Epoch: 26, Loss: 0.1596, AUROC: 75.42%, AUPR: 81.71%, FPR95: 99.31%, Test Score: 79.72%
Epoch: 27, Loss: 0.1570, AUROC: 77.39%, AUPR: 82.90%, FPR95: 99.15%, Test Score: 81.55%
Epoch: 28, Loss: 0.1545, AUROC: 79.04%, AUPR: 83.89%, FPR95: 98.83%, Test Score: 82.69%
Epoch: 29, Loss: 0.1524, AUROC: 80.55%, AUPR: 84.90%, FPR95: 97.90%, Test Score: 83.73%
",2024-03-18 22:46:38,80.5527,84.8997,97.9,83.7322
